{"_timestamp": 1748679003.1573002, "_runtime": 2497.457232968, "_step": 2820, "epoch": 2, "step": 1282, "loss": 2.4340367317199707}