{"_step":47,"_wandb":{"runtime":90},"epoch":1,"step":48,"loss":3.63942813873291,"_timestamp":1.7482683327364368e+09,"_runtime":89.526098224}